scenario,approach,algorithm,accuracy,rmse,mae,n_features,train_time,total_time,feature_selection_time,rank,top_k,join_name
scenarioA_lat95,BASE,XGBoost,0.9550706148147583,0.0,0.0,0,4.715172290802002,4.715172290802002,0.0,0,0,
scenarioA_lat95,BASE,RandomForest,0.9457009434700012,0.0,0.0,0,4.715172290802002,4.715172290802002,0.0,0,0,
scenarioA_lat95,Join_All_BFS,XGBoost,0.9630751609802246,0.0,0.0,0,10.678395748138428,12.162309646606445,0.0,0,0,
scenarioA_lat95,Join_All_BFS,RandomForest,0.9324526786804199,0.0,0.0,0,10.678395748138428,12.162309646606445,0.0,0,0,
scenarioA_lat95,Join_All_BFS_Filter,XGBoost,0.960648775100708,0.0,0.0,0,7.6679370403289795,9.207951784133911,0.05610084533691406,0,0,
scenarioA_lat95,Join_All_BFS_Filter,RandomForest,0.9301623106002808,0.0,0.0,0,7.6679370403289795,9.207951784133911,0.05610084533691406,0,0,
scenarioA_lat95,AutoFeat,XGBoost,0.9795852303504944,0.0,0.0,6,4.611159801483154,5.081171751022339,0.47001194953918457,0,15,scenarioA_lat95/rabbitmq-reduced.csv
scenarioA_lat95,AutoFeat,RandomForest,0.976895809173584,0.0,0.0,6,4.611159801483154,5.081171751022339,0.47001194953918457,0,15,scenarioA_lat95/rabbitmq-reduced.csv
