scenario,approach,algorithm,accuracy,rmse,mae,n_features,train_time,total_time,feature_selection_time,rank,top_k,join_name
scenario1,BASE,XGBoost,0.9662151336669922,0.0,0.0,0,4.033785820007324,4.033785820007324,0.0,0,0,
scenario1,BASE,RandomForest,0.9648692011833191,0.0,0.0,0,4.033785820007324,4.033785820007324,0.0,0,0,
scenario1,Join_All_BFS,RandomForest,0.9460797309875488,0.0,0.0,0,9.437112092971802,9.905440092086792,0.0,0,0,
scenario1,Join_All_BFS,XGBoost,0.9479820132255554,0.0,0.0,0,9.437112092971802,9.905440092086792,0.0,0,0,
scenario1,Join_All_BFS_Filter,RandomForest,0.9462170004844666,0.0,0.0,0,5.944717884063721,6.428286790847778,0.015240907669067383,0,0,
scenario1,Join_All_BFS_Filter,XGBoost,0.9492213129997253,0.0,0.0,0,5.944717884063721,6.428286790847778,0.015240907669067383,0,0,
scenario1,AutoFeat,XGBoost,0.9662151336669922,0.0,0.0,5,3.696202039718628,3.7452189922332764,0.04901695251464844,0,15,scenario1/rabbitmq-s1.csv
scenario1,AutoFeat,RandomForest,0.9648692011833191,0.0,0.0,5,3.696202039718628,3.7452189922332764,0.04901695251464844,0,15,scenario1/rabbitmq-s1.csv
