scenario,approach,algorithm,accuracy,rmse,mae,n_features,train_time,total_time,feature_selection_time,rank,top_k,join_name
scenario2c,BASE,XGBoost,0.5395169258117676,0.0,0.0,0,6.692341089248657,6.692341089248657,0.0,0.0,0,
scenario2c,BASE,RandomForest,0.4559941291809082,0.0,0.0,0,6.692341089248657,6.692341089248657,0.0,0.0,0,
scenario2c,Join_All_BFS,XGBoost,0.945512592792511,0.0,0.0,0,6.7132086753845215,7.38113260269165,0.0,0.0,0,
scenario2c,Join_All_BFS,RandomForest,0.9377661943435669,0.0,0.0,0,6.7132086753845215,7.38113260269165,0.0,0.0,0,
scenario2c,Join_All_BFS_Filter,RandomForest,0.9510290026664734,0.0,0.0,0,6.014139890670776,6.696061611175537,0.013997793197631836,0.0,0,
scenario2c,Join_All_BFS_Filter,XGBoost,0.9472091197967529,0.0,0.0,0,6.014139890670776,6.696061611175537,0.013997793197631836,0.0,0,
scenario2c,AutoFeat,XGBoost,0.9417154788970947,0.0,0.0,8,7.301780939102173,7.728960990905762,0.42718005180358887,1.3805198124621616,15,scenario2c/rabbitmq-reduced.csv--scenario2c/rabbitmq-reduced.csv|time|time|scenario2c/rabbitmq-features.csv
scenario2c,AutoFeat,RandomForest,0.903030276298523,0.0,0.0,8,7.301780939102173,7.728960990905762,0.42718005180358887,1.3805198124621616,15,scenario2c/rabbitmq-reduced.csv--scenario2c/rabbitmq-reduced.csv|time|time|scenario2c/rabbitmq-features.csv
