scenario,approach,algorithm,accuracy,rmse,mae,n_features,train_time,total_time,feature_selection_time,rank,top_k,join_name
scenarioA_lat99,BASE,XGBoost,0.950840175151825,0.0,0.0,0,4.259021997451782,4.259021997451782,0.0,0,0,
scenarioA_lat99,BASE,RandomForest,0.9408420324325562,0.0,0.0,0,4.259021997451782,4.259021997451782,0.0,0,0,
scenarioA_lat99,Join_All_BFS,XGBoost,0.9551076889038086,0.0,0.0,0,10.374072074890137,11.721111059188843,0.0,0,0,
scenarioA_lat99,Join_All_BFS,RandomForest,0.9277946352958679,0.0,0.0,0,10.374072074890137,11.721111059188843,0.0,0,0,
scenarioA_lat99,Join_All_BFS_Filter,XGBoost,0.9517884850502014,0.0,0.0,0,6.962436199188232,8.330603122711182,0.021127939224243164,0,0,
scenarioA_lat99,Join_All_BFS_Filter,RandomForest,0.9256645441055298,0.0,0.0,0,6.962436199188232,8.330603122711182,0.021127939224243164,0,0,
scenarioA_lat99,AutoFeat,XGBoost,0.9765158891677856,0.0,0.0,6,4.4396302700042725,4.723750352859497,0.2841200828552246,0,15,scenarioA_lat99/rabbitmq-reduced.csv
scenarioA_lat99,AutoFeat,RandomForest,0.973446249961853,0.0,0.0,6,4.4396302700042725,4.723750352859497,0.2841200828552246,0,15,scenarioA_lat99/rabbitmq-reduced.csv
