scenario,approach,algorithm,accuracy,rmse,mae,n_features,train_time,total_time,feature_selection_time,rank,top_k,join_name
scenarioA_lat95,BASE,XGBoost,0.9550706148147583,0.0,0.0,0,4.404052019119263,4.404052019119263,0.0,0,0,
scenarioA_lat95,BASE,RandomForest,0.9457009434700012,0.0,0.0,0,4.404052019119263,4.404052019119263,0.0,0,0,
scenarioA_lat95,Join_All_BFS,XGBoost,0.9630751609802246,0.0,0.0,0,10.172365665435791,11.530373573303223,0.0,0,0,
scenarioA_lat95,Join_All_BFS,RandomForest,0.9324526786804199,0.0,0.0,0,10.172365665435791,11.530373573303223,0.0,0,0,
scenarioA_lat95,Join_All_BFS_Filter,XGBoost,0.960648775100708,0.0,0.0,0,7.537343978881836,8.915977001190186,0.02062511444091797,0,0,
scenarioA_lat95,Join_All_BFS_Filter,RandomForest,0.9301623106002808,0.0,0.0,0,7.537343978881836,8.915977001190186,0.02062511444091797,0,0,
scenarioA_lat95,AutoFeat,XGBoost,0.9795852303504944,0.0,0.0,6,4.554250001907349,4.847663879394531,0.2934138774871826,0,15,scenarioA_lat95/rabbitmq-reduced.csv
scenarioA_lat95,AutoFeat,RandomForest,0.976895809173584,0.0,0.0,6,4.554250001907349,4.847663879394531,0.2934138774871826,0,15,scenarioA_lat95/rabbitmq-reduced.csv
