scenario,approach,algorithm,accuracy,rmse,mae,n_features,train_time,total_time,feature_selection_time,rank,top_k,join_name
scenarioA_lat95,BASE,XGBoost,0.9550706148147583,0.0,0.0,0,7.870539903640747,7.870539903640747,0.0,0,0,
scenarioA_lat95,BASE,RandomForest,0.9457009434700012,0.0,0.0,0,7.870539903640747,7.870539903640747,0.0,0,0,
scenarioA_lat95,Join_All_BFS,XGBoost,0.9607030749320984,0.0,0.0,0,9.230385065078735,10.242424964904785,0.0,0,0,
scenarioA_lat95,Join_All_BFS,RandomForest,0.9316904544830322,0.0,0.0,0,9.230385065078735,10.242424964904785,0.0,0,0,
scenarioA_lat95,Join_All_BFS_Filter,XGBoost,0.9604058861732483,0.0,0.0,0,7.457736968994141,8.49408483505249,0.024307966232299805,0,0,
scenarioA_lat95,Join_All_BFS_Filter,RandomForest,0.9391369819641113,0.0,0.0,0,7.457736968994141,8.49408483505249,0.024307966232299805,0,0,
scenarioA_lat95,AutoFeat,XGBoost,0.9795852303504944,0.0,0.0,6,7.957404136657715,8.29508924484253,0.33768510818481445,0,15,scenarioA_lat95/rabbitmq-reduced.csv
scenarioA_lat95,AutoFeat,RandomForest,0.976895809173584,0.0,0.0,6,7.957404136657715,8.29508924484253,0.33768510818481445,0,15,scenarioA_lat95/rabbitmq-reduced.csv
