scenario,approach,algorithm,accuracy,rmse,mae,n_features,train_time,total_time,feature_selection_time,rank,top_k,join_name
scenario2c,BASE,XGBoost,0.5395169258117676,0.0,0.0,0,3.714520215988159,3.714520215988159,0.0,0.0,0,
scenario2c,BASE,RandomForest,0.4559941291809082,0.0,0.0,0,3.714520215988159,3.714520215988159,0.0,0.0,0,
scenario2c,Join_All_BFS,XGBoost,0.9916833639144897,0.0,0.0,0,7.96625018119812,8.375210285186768,0.0,0.0,0,
scenario2c,Join_All_BFS,RandomForest,0.9858245849609375,0.0,0.0,0,7.96625018119812,8.375210285186768,0.0,0.0,0,
scenario2c,Join_All_BFS_Filter,XGBoost,0.9793091416358948,0.0,0.0,0,4.501981973648071,4.93346905708313,0.022526979446411133,0.0,0,
scenario2c,Join_All_BFS_Filter,RandomForest,0.9865123629570007,0.0,0.0,0,4.501981973648071,4.93346905708313,0.022526979446411133,0.0,0,
scenario2c,AutoFeat,XGBoost,0.9914999008178711,0.0,0.0,12,7.008698225021362,7.273817300796509,0.2651190757751465,1.5145982942451957,15,scenario2c/rabbitmq-reduced.csv--scenario2c/rabbitmq-reduced.csv|time|time|scenario2c/rabbitmq-features.csv
scenario2c,AutoFeat,RandomForest,0.9842151403427124,0.0,0.0,12,7.008698225021362,7.273817300796509,0.2651190757751465,1.5145982942451957,15,scenario2c/rabbitmq-reduced.csv--scenario2c/rabbitmq-reduced.csv|time|time|scenario2c/rabbitmq-features.csv
