scenario,approach,algorithm,accuracy,rmse,mae,n_features,train_time,total_time,feature_selection_time,rank,top_k,join_name
scenarioA_lat99,BASE,XGBoost,0.950840175151825,0.0,0.0,0,4.893959999084473,4.893959999084473,0.0,0,0,
scenarioA_lat99,BASE,RandomForest,0.9408420324325562,0.0,0.0,0,4.893959999084473,4.893959999084473,0.0,0,0,
scenarioA_lat99,Join_All_BFS,XGBoost,0.9551076889038086,0.0,0.0,0,11.94756007194519,13.389441013336182,0.0,0,0,
scenarioA_lat99,Join_All_BFS,RandomForest,0.9277946352958679,0.0,0.0,0,11.94756007194519,13.389441013336182,0.0,0,0,
scenarioA_lat99,Join_All_BFS_Filter,XGBoost,0.9517884850502014,0.0,0.0,0,7.692154169082642,9.159847259521484,0.025812149047851562,0,0,
scenarioA_lat99,Join_All_BFS_Filter,RandomForest,0.9256645441055298,0.0,0.0,0,7.692154169082642,9.159847259521484,0.025812149047851562,0,0,
scenarioA_lat99,AutoFeat,XGBoost,0.9765158891677856,0.0,0.0,6,4.857165813446045,5.220323801040649,0.3631579875946045,0,15,scenarioA_lat99/rabbitmq-reduced.csv
scenarioA_lat99,AutoFeat,RandomForest,0.973446249961853,0.0,0.0,6,4.857165813446045,5.220323801040649,0.3631579875946045,0,15,scenarioA_lat99/rabbitmq-reduced.csv
