scenario,approach,algorithm,accuracy,rmse,mae,n_features,train_time,total_time,feature_selection_time,rank,top_k,join_name
scenario2c,BASE,XGBoost,0.5395169258117676,0.0,0.0,0,3.7942488193511963,3.7942488193511963,0.0,0.0,0,
scenario2c,BASE,RandomForest,0.4559941291809082,0.0,0.0,0,3.7942488193511963,3.7942488193511963,0.0,0.0,0,
scenario2c,Join_All_BFS,XGBoost,0.9916833639144897,0.0,0.0,0,7.685189962387085,8.14257025718689,0.0,0.0,0,
scenario2c,Join_All_BFS,RandomForest,0.9858245849609375,0.0,0.0,0,7.685189962387085,8.14257025718689,0.0,0.0,0,
scenario2c,Join_All_BFS_Filter,XGBoost,0.9793091416358948,0.0,0.0,0,4.453972101211548,4.925177335739136,0.013824939727783203,0.0,0,
scenario2c,Join_All_BFS_Filter,RandomForest,0.9865123629570007,0.0,0.0,0,4.453972101211548,4.925177335739136,0.013824939727783203,0.0,0,
scenario2c,AutoFeat,XGBoost,0.9914999008178711,0.0,0.0,12,7.005908966064453,7.240796089172363,0.23488712310791016,1.5145982942451957,15,scenario2c/rabbitmq-reduced.csv--scenario2c/rabbitmq-reduced.csv|time|time|scenario2c/rabbitmq-features.csv
scenario2c,AutoFeat,RandomForest,0.9842151403427124,0.0,0.0,12,7.005908966064453,7.240796089172363,0.23488712310791016,1.5145982942451957,15,scenario2c/rabbitmq-reduced.csv--scenario2c/rabbitmq-reduced.csv|time|time|scenario2c/rabbitmq-features.csv
