scenario,approach,algorithm,accuracy,rmse,mae,n_features,train_time,total_time,feature_selection_time,rank,top_k,join_name
scenarioA_lat99,BASE,XGBoost,0.950840175151825,0.0,0.0,0,7.92283296585083,7.92283296585083,0.0,0,0,
scenarioA_lat99,BASE,RandomForest,0.9408420324325562,0.0,0.0,0,7.92283296585083,7.92283296585083,0.0,0,0,
scenarioA_lat99,Join_All_BFS,XGBoost,0.9533585906028748,0.0,0.0,0,9.813891887664795,10.829042911529541,0.0,0,0,
scenarioA_lat99,Join_All_BFS,RandomForest,0.9196675419807434,0.0,0.0,0,9.813891887664795,10.829042911529541,0.0,0,0,
scenarioA_lat99,Join_All_BFS_Filter,XGBoost,0.9551541209220886,0.0,0.0,0,7.756420135498047,8.798904180526733,0.02733302116394043,0,0,
scenarioA_lat99,Join_All_BFS_Filter,RandomForest,0.9270466566085815,0.0,0.0,0,7.756420135498047,8.798904180526733,0.02733302116394043,0,0,
scenarioA_lat99,AutoFeat,XGBoost,0.9765158891677856,0.0,0.0,6,7.803735017776489,8.137590169906616,0.33385515213012695,0,15,scenarioA_lat99/rabbitmq-reduced.csv
scenarioA_lat99,AutoFeat,RandomForest,0.973446249961853,0.0,0.0,6,7.803735017776489,8.137590169906616,0.33385515213012695,0,15,scenarioA_lat99/rabbitmq-reduced.csv
