scenario,approach,algorithm,accuracy,rmse,mae,n_features,train_time,total_time,feature_selection_time,rank,top_k,join_name
scenario1,BASE,XGBoost,0.9662151336669922,0.0,0.0,0,6.829263210296631,6.829263210296631,0.0,0,0,
scenario1,BASE,RandomForest,0.9648692011833191,0.0,0.0,0,6.829263210296631,6.829263210296631,0.0,0,0,
scenario1,Join_All_BFS,RandomForest,0.9460797309875488,0.0,0.0,0,13.62329387664795,14.23835277557373,0.0,0,0,
scenario1,Join_All_BFS,XGBoost,0.9479820132255554,0.0,0.0,0,13.62329387664795,14.23835277557373,0.0,0,0,
scenario1,Join_All_BFS_Filter,RandomForest,0.9462170004844666,0.0,0.0,0,8.694067001342773,9.33216381072998,0.02303791046142578,0,0,
scenario1,Join_All_BFS_Filter,XGBoost,0.9492213129997253,0.0,0.0,0,8.694067001342773,9.33216381072998,0.02303791046142578,0,0,
scenario1,AutoFeat,XGBoost,0.9662151336669922,0.0,0.0,5,6.602705001831055,6.747526168823242,0.1448211669921875,0,15,scenario1/rabbitmq-s1.csv
scenario1,AutoFeat,RandomForest,0.9648692011833191,0.0,0.0,5,6.602705001831055,6.747526168823242,0.1448211669921875,0,15,scenario1/rabbitmq-s1.csv
