scenario,approach,algorithm,accuracy,rmse,mae,n_features,train_time,total_time,feature_selection_time,rank,top_k,join_name
scenario1,BASE,XGBoost,0.9662151336669922,0.0,0.0,0,4.550955057144165,4.550955057144165,0.0,0,0,
scenario1,BASE,RandomForest,0.9648692011833191,0.0,0.0,0,4.550955057144165,4.550955057144165,0.0,0,0,
scenario1,Join_All_BFS,RandomForest,0.9460797309875488,0.0,0.0,0,9.822054862976074,10.311517000198364,0.0,0,0,
scenario1,Join_All_BFS,XGBoost,0.9479820132255554,0.0,0.0,0,9.822054862976074,10.311517000198364,0.0,0,0,
scenario1,Join_All_BFS_Filter,RandomForest,0.9462170004844666,0.0,0.0,0,6.941354990005493,7.4461541175842285,0.015336990356445312,0,0,
scenario1,Join_All_BFS_Filter,XGBoost,0.9492213129997253,0.0,0.0,0,6.941354990005493,7.4461541175842285,0.015336990356445312,0,0,
scenario1,AutoFeat,XGBoost,0.9662151336669922,0.0,0.0,5,4.0995728969573975,4.183444023132324,0.08387112617492676,0,15,scenario1/rabbitmq-s1.csv
scenario1,AutoFeat,RandomForest,0.9648692011833191,0.0,0.0,5,4.0995728969573975,4.183444023132324,0.08387112617492676,0,15,scenario1/rabbitmq-s1.csv
